Project,Reproducible,All,Reproducibility
Chart,26,26,1.0
Cli,39,40,0.975
Closure,176,176,1.0
Codec,18,18,1.0
Collections,4,28,0.14285714285714285
Compress,47,47,1.0
Csv,16,16,1.0
Gson,18,18,1.0
JacksonCore,26,26,1.0
JacksonDatabind,112,112,1.0
JacksonXml,6,6,1.0
Jsoup,93,93,1.0
JxPath,22,22,1.0
Lang,64,65,0.9846153846153847
Math,106,106,1.0
Mockito,38,38,1.0
Time,26,27,0.9629629629629629
